"ID","Name","Street Address 1","Street Address 2","Phone","Landline","County","Country","Parent","Work Status","PostCode","Email","Postcode Errors","Additional Emails","Additional Emails Errors","Email Errors","Phone Errors","Landline Errors"
"2","Alice Smith","28 Carne Rd","","65392173","20 34567 91423","Cork","GBR","","Full Time","EC4M 9AG","","","","","","65392173",""
"3","Alice Smith","22 High Street","","","","Down","IRL","Fire Nation","Part Time","BT34 1LR","bob.johnson@gmail.com","","","","","",""
"4","Carol Williams","28 Carnacally","27 Carne Rd","7565392173","","Galway","GBR","Crisis Manufacturer","Part Time","ASDASDASDA","carol.williams@gmail.com","ASDASDASDA","","","","",""
"5","Carol Williams","","","","20 75653 92173","Limerick","GBR","","Full Time","BT34 1LSSS","jamesMccan@gmail.com","","hillary.clint@outlook.com,  tiernan@gmail.com","","","",""
"6","Emily Brown","","","","4444","Antrim","GBR","Eastern Alarms","Placement","EC3P 3DQ","1212334","","","","1212334","","4444"
"7","James H","123 Main Street CityName","","","","Down","IRL","","","BT37 1LP","david.jones@gmail.com","","","","","",""
"8","Henryeich","","","","","","","","","","henry.taylor@gmail.com","","Heinrich.Taylor@Gmail.com","","","",""
"9","John","","","075 65392173","","Down","GBR","Tiernan","Full Time","BT63 1PB","freddy@gmail.com@","","","","freddy@gmail.com@","",""
