Usr_ID,Name,Surname,City,Country,Post_Code,Street Address 1,Street Adress 2,Parent,Email,Phone Number
1@,Jason,Statham,London  ,United Kingdom,"EC1A 1BB, M1 1AE",123 Baker Street,567 Cardiff Blvd,Jason ,"john.doe@gmail.com, jjsv@gmail.com",7565392173
2,Peter ,Griffin,Manchester  ,United Kingdom,456 Manchester Road,,M1 1AE,SkyBridge Solutions,sarah_smith@outlook.com,2079460958
d3,Tom,Hanks,Los Angeles,United States,90028,789 Sunset Blvd,,Tom,michael.johnson@yahoo.com,8005550199
4,Oliver,Smith  ,Houston,United States,77002,1012 Houston Ave,,BrightPath Technologies,elizabeth.jackson@gmailcom,2125550000
5,Emma,Johnson  ,Phoenix,United States,30303,234 Elm Street,,FusionWorks Enterprises,"chris.brown@outlook,com",3035555555
,Liam,Williams  ,Glasgow  ,United Kingdom,,G2 8QD,567 Glasgow Way,Green Horizon Industries,jennifer.lee@aol.com,7564321890
7,Ava,Brown  ,Edinburgh  ,United Kingdom,,EH12 5PL,890 Edinburgh Drive,Apex Global Consulting,kyle_taylor@gmail..com,2079460958
8,Noah,Jones  ,Sheffield  ,United Kingdom,S10 2TN,,345 Sheffield Lane,SilverLeaf Corporation,nancy.wilson@gmail.com,7345678901
9,Sophia,Garcia  ,Bristol  ,United Kingdom,BS1 5AH,678 Bristol Crescent,,Zenith Consulting Group,daniel.martin@yahoo.com,7453567891
10,James,Miller  ,Nottingham  ,United Kingdom,NG1 4FQ,234 Nottingham Blvd,,BlueWave Digital,lucy.green@outlookcom,2055512345
11,Isabella,Davis  ,Jacksonville,United States,32202,987 Jacksonville Street,,StellarTech Systems,james_white@gmail.c,8005551234
12,Lucas,Rodriguez  ,Cardiff  ,United Kingdom,CF10 2BY,654 Cardiff Road,,HorizonReach Solutions,emily.moore@aolcom,7564328001
13,Mia,Martinez  ,Belfast  ,United Kingdom,"BT1 5GB, SO23 8UJ",432 Belfast Crescent,234 Winchester Drive,Evercrest Industries,jason.davis@live.com,2079460958
14,Benjamin,Hernandez  ,Southampton  ,United Kingdom,SO15 1JA,123 Southampton Avenue,567 Fort Worth Road,CloudVista Enterprises,"peter_king@yahoo,.com",7587765432
15aasd,Charlotte,Lopez  ,Leicester  ,United Kingdom,76102,876 Leicester Lane,345 Sheffield Lane,PrimeEdge Solutions,linda.brown@outlook.com,7899321011
16,Elijah,Gonzalez  ,Coventry  ,United Kingdom,"LE1 6AT, S10 2TN",345 Coventry Street,432 Belfast Crescent,CrestPoint Technologies,hannah.martin@icloudcom,7564329001
17,Amelia,Wilson  ,Bradford  ,United Kingdom,"CV1 5BQ, BT1 5GB",654 Bradford Drive,567 Oklahoma City Street,NovaTech Solutions,robert.williams@gmail.com,7892233456
,Henry,Anderson  ,Hull  ,United Kingdom,789 Hull Avenue,BD1 1AA,234 Leeds Boulevard,Redwood Global Industries,jessica.anderson@outlookcom,7565328901
19,Harper,Thomas  ,Stoke-on-Trent  ,United Kingdom,1012 Stoke-on-Trent Road,HU1 3LQ,234 Luton Lane,OceanGate Ventures,steve_harris@hotmai.com,7452288999
20,Alexander,Taylor  ,Wolverhampton  ,United Kingdom,234 Wolverhampton Way,"ST1 4AF, PL1 1DX",789 Hull Avenue,PeakPoint Innovations,olivia_jameson@gmail.com,7564322123
21,Evelyn,Moore  ,Derby  ,United Kingdom,567 Derby Crescent,RG1 8DN,234 Reading Avenue,SwiftPoint Technologies,david_walker@outlook.com,7882233444
22,William,Jackson  ,Plymouth  ,United Kingdom,890 Plymouth Blvd,NR1 2GH,,SummitWave Solutions,susan.taylor@hotmailcom,7435264987
23,Abigail,Martin  ,Reading  ,United Kingdom,234 Reading Avenue,LU1 1NG,,TechNova Systems,william.jones@yahoo.com,7565322001
24,Daniel,Lee  ,Norwich  ,United Kingdom,AB10 1BE,567 Norwich Drive,1012 Inverness Avenue,CloudPulse Ventures,paul.adams@gmailcom,7893333444
25,Ella,Perez  ,Luton  ,United Kingdom,SW1 1AA,890 Luton Lane,567 Chester Boulevard,VentureTech Group,anna.white@icloudcom,7763322110
26,Michael,Thompson  ,Aberdeen  ,United Kingdom,OX1 1DN,123 Aberdeen Road,890 Aberdeen Road,PrimeVision Enterprises,"lucas.hall@outlook,.com",7445332123
27,Scarlett,White  ,Swansea  ,United Kingdom,73301,456 Swansea Street,789 Bristol Crescent,FusionPeak Solutions,michelle.lee@gmailcom,7565328901
28,Matthew,Harris  ,Oxford  ,United Kingdom,75201,789 Oxford Boulevard,,BlueSky Innovations,zachary.jones@aol.com,7500987654
29,Grace,Sanchez  ,Austin,United States,76102,1012 Austin Avenue,678 Bristol Crescent,LunarEdge Industries,samantha_clark@gmail..com,7882233444
30,David,Clark  ,Dallas,United States,98101,234 Dallas Lane,,InnovaTech Solutions,john@doe.com,7345332456
31,Chloe,Ramirez  ,Fort Worth,United States,94110,567 Fort Worth Road,,NextGen Consulting,jason.carter@hotmailcom,7765328901
,Joseph,Lewis  ,Seattle,United States,46204,890 Seattle Blvd,234 Manchester Road,EdgeWorks Technologies,paul.rivera@yahoo.com,7587765432
33,Lily,Robinson  ,San Francisco,United States,20001,234 San Francisco Avenue,890 Seattle Blvd,VertexPoint Enterprises,maria_harris@outlookcom,7899321011
34,Samuel,Walker  ,Indianapolis,United States,2115,567 Indianapolis Crescent,,GlobalTech Solutions,"sophia.lee@icloud,.com",7564328001
35,Aria,Young  ,Washington,United States,37203,789 Washington Drive,,OptimaCore Systems,"george_brown@aol,com",7452288999
36,Gabriel,Allen  ,Boston,United States,64105,1012 Boston Way,,BrightBridge Technologies,joseph_ward@gmail.com,7356609876
37,Zoe,King  ,Nashville,United States,60601,234 Nashville Blvd,,FutureRise Innovations,ashley_hill@yahoo.com,7834422123
38,Andrew,Wright  ,Kansas City,United States,48201,567 Kansas City Road,,TerraPulse Enterprises,"kevin.martinez@outlook,com",7565328123
39,Hannah,Scott  ,Chicago,United States,CH1 3NB,890 Chicago Avenue,,Redwood Heights Ventures,diane.johnson@gmailcom,2079460958
40,Joshua,Torres  ,Detroit,United States,CT1 2HS,234 Detroit Lane,,CloudPoint Technologies,thomas.lee@icloud.com,7564329001
41,Penelope,Nguyen  ,Chester  ,United Kingdom,LA1 1XY,,567 Chester Boulevard,AstraCore Solutions,joseph.white@aol.com,7887765432
42,Christopher,Hill  ,Canterbury  ,United Kingdom,NP20 4BP,,890 Canterbury Drive,SilverStream Industries,robert_smith@outlookcom,7356543221
43,Layla,Flores  ,Lancaster  ,United Kingdom,BA1 1UF,,234 Lancaster Street,NovaCore Systems,julia_clark@yahoo.com,7788888888
44,Ryan,Green  ,Newport  ,United Kingdom,IV1 1PH,,567 Newport Road,QuantumEdge Enterprises,luke_evans@icloud.com,7454523234
45,Riley,Adams  ,Bath  ,United Kingdom,73102,,789 Bath Crescent,GreenLeaf Ventures,lillian.martin@outlookcom,7893332345
,Nathan,Nelson  ,Inverness  ,United Kingdom,37203,,1012 Inverness Avenue,HyperTech Solutions,benjamin.walker@hotmail.com,7565322001
47,Nora,Baker  ,Oklahoma City,United States,48226,,234 Oklahoma City Blvd,PrimeWave Industries,catherine.jones@livecom,7554321009
48,Isaac,Hall  ,Nashville,United States,CA3 8QZ,567 Nashville Road,,SummitCore Technologies,jacob_adams@gmail.com,7893333444
49,Victoria,Rivera  ,Detroit,United States,SO23 8UJ,789 Detroit Street,,VantagePoint Innovations,grace_white@outlookcom,7755443210
50,Caleb,Campbell  ,Carlisle  ,United Kingdom,DH1 3HJ,1012 Carlisle Lane,,EchoSphere Enterprises,lucy.harris@aol.com,7565398765
51,Madison,Mitchell  ,Winchester  ,United States,SR1 1BQ,234 Winchester Drive,567 Glasgow Way,HorizonTech Solutions,elijah.james@yahoo.com,7566543210
52,Owen,Carter  ,Durham  ,United Kingdom,BT47 6DP,567 Durham Blvd,,ClearSky Consulting,olivia_white@gmailcom,7345322345
53,Eleanor,Roberts  ,Sunderland  ,United Kingdom,M1 1AE,890 Sunderland Crescent,234 Nottingham Blvd,NextWave Systems,mia_wilson@icloud.com,
54,Luke,Gomez  ,Londonderry  ,United Kingdom,B1 1AA,234 Londonderry Avenue,234 Wolverhampton Way,OceanBridge Technologies,george_adams@aolcom,8005558765
55,Stella,Phillips  ,Londonderry  ,United Kingdom,LS1 1AB,567 Manchester Road,,StellarCore Solutions,jackson_brown@outlook.com,6505552345
,Julian,Evans  ,Manchester  ,United Kingdom,L1 8JQ,789 Birmingham Street,345 Derby Crescent,VeroPoint Industries,"peter_james@yahoo,.com",3125559876
,Hazel,Turner  ,Birmingham  ,United Kingdom,G2 8QD,234 Leeds Boulevard,123 Baker Street,VisionTech Consulting,jennifer_taylor@live.com,4155554321
,Jack,Diaz  ,Leeds  ,United Kingdom,EH1 1BB,567 Liverpool Drive,789 Bath Crescent,BrightSphere Ventures,kevin.green@gmail..com,8005553333
59,Aurora,Parker  ,Liverpool  ,United Kingdom,CF10 2BY,890 Glasgow Crescent,,CrestEdge Solutions,joseph.clark@aolcom,2135557890
60,Jonathan,Cruz  ,Glasgow  ,United Kingdom,BS1 5HH,234 Edinburgh Avenue,,ZenithCore Technologies,"chloe.morris@outlook,.com",3035552134
61,Lucy,Edwards  ,Edinburgh  ,United Kingdom,S10 2TN,567 Cardiff Blvd,,BluePoint Innovations,olivia.martinez@gmailcom,8185551234
62,Leo,Collins  ,Cardiff  ,United Kingdom,NG1 4FR,789 Bristol Street,,SonicWave Enterprises,william_ward@icloudcom,2025555678
63,Violet,Reyes  ,Bristol  ,United Kingdom,20005,1012 Sheffield Road,,InnovaBridge Systems,emily.green@aolcom,6025554567
64,Thomas,Stewart  ,Sheffield  ,United Kingdom,98101,234 Nottingham Crescent,,TechLink Solutions,grace.walker@livecom,2145557890
65,Mila,Morris  ,Nottingham  ,United Kingdom,2115,567 Washington Avenue,,PrimeEdge Ventures,michael.morris@outlookcom,3035552345
66,Hudson,Morales  ,Washington,United States,75201,789 Seattle Blvd,,VeraTech Industries,"victor.lee@gmail,.com",2025551234
67,Brooklyn,Murphy  ,Seattle,United States,AB10 1BE,234 Boston Lane,,HorizonPeak Enterprises,emma.jackson@icloudcom,5035556789
68,Charles,Cook  ,Boston,United States,SW1 1AA,567 Dallas Drive,,VistaPoint Solutions,anthony.harris@livecom,4085558901
69,Paisley,Rogers  ,Dallas,United States,73102,890 Aberdeen Road,,LuminousCore Systems,peter_ward@aol.com,3135552222
70,Eli,Gutierrez  ,Aberdeen  ,United Kingdom,BT1 5GB,234 Swansea Blvd,,ClearPoint Innovations,lily_brown@outlookcom,5165551010
71,Savannah,Ortiz  ,Swansea  ,United Kingdom,BT47 6DP,567 Oklahoma City Street,567 Durham Blvd,OptimaTech Ventures,alex.smith@gmailcom,2125556789
72,John,Morgan  ,Oklahoma City,United States,M1 1AE,890 Belfast Avenue,123 Edinburgh Avenue,Skyline Global Solutions,"lucas.white@icloud,.com",6125554321
73,Elvis,Cooper  ,Belfast  ,United Kingdom,,234 Londonderry Road,789 Carlisle Lane,FusionEdge Technologies,jason_wilson@outlookcom,6195553456
74,Aurora,Bailey  ,Londonderry  ,United Kingdom,,567 Manchester Boulevard,234 Leeds Road,SwiftEdge Enterprises,matthew.jones@gmailcom,8185551001
